Product_ID,Product,Category,Department
P1000,Girls Dress,Girls Apparel,Kids
P1001,Leather Tote,Accessories,Kids
P1002,Knit Sweater Dress,Dresses,Women's
P1003,Minimalist Scarf,Accessories,Women's
P1004,Wide-Leg Jeans,Denim,Women's
P1005,Oxford Shirt,Shirts,Men's
P1006,Straight-Leg Jeans,Denim,Women's
P1007,Girls Leggings,Girls Apparel,Kids
P1008,Chino Pants,Pants,Men's
P1009,Leather Tote,Accessories,Men's
P1010,Crossbody Bag,Accessories,Men's
P1011,Classic Blouse,Tops,Women's
P1012,Crossbody Bag,Accessories,Women's
P1013,Classic Sneaker,Shoes,Men's
P1014,Performance Pants,Pants,Men's
P1015,Satin Occasion Dress,Dresses,Women's
P1016,Minimalist Scarf,Accessories,Men's
P1017,Relaxed Button-Up,Tops,Women's
P1018,Slim Jeans,Denim,Men's
P1019,Ribbed Top,Tops,Women's
P1020,Girls Cardigan,Girls Apparel,Kids
P1021,Slim Jeans,Denim,Women's
P1022,Classic Sneaker,Shoes,Women's
P1023,Leather Tote,Accessories,Women's
P1024,Leather Loafer,Shoes,Women's
P1025,Classic Sneaker,Shoes,Kids
P1026,Ankle Boot,Shoes,Women's
P1027,Performance Polo,Shirts,Men's
P1028,Minimalist Scarf,Accessories,Kids
P1029,Puffer Jacket,Outerwear,Kids
P1030,Boys Hoodie,Boys Apparel,Kids
P1031,Leather Loafer,Shoes,Men's
P1032,Linen Shirt,Shirts,Men's
P1033,Boys Jogger,Boys Apparel,Kids
P1034,Everyday Midi Dress,Dresses,Women's
P1035,Straight-Leg Jeans,Denim,Men's
P1036,Rain Jacket,Outerwear,Kids
P1037,Wide-Leg Jeans,Denim,Men's
P1038,Ankle Boot,Shoes,Kids
P1039,Tailored Trousers,Pants,Men's
P1040,Ankle Boot,Shoes,Men's
P1041,Boys Polo,Boys Apparel,Kids
P1042,Crossbody Bag,Accessories,Kids
P1043,Fleece Jacket,Outerwear,Kids
P1044,Leather Loafer,Shoes,Kids
